Date,AAPL.Close,TSLA.Close,^NSEI.Close,AAPL.High,TSLA.High,^NSEI.High,AAPL.Low,TSLA.Low,^NSEI.Low,AAPL.Open,TSLA.Open,^NSEI.Open,AAPL.Volume,TSLA.Volume,^NSEI.Volume
2025-06-25,200.76353454589844,327.54998779296875,25244.75,202.8651975026319,343.0,25266.80078125,199.82724651799433,320.3999938964844,25125.05078125,200.65396860223956,342.70001220703125,25150.349609375,39525700.0,119845100.0,260600.0
2025-06-26,200.20574951171875,325.7799987792969,25549.0,201.8392684520338,331.04998779296875,25565.30078125,198.67184150130464,323.6099853515625,25259.900390625,200.63404307360597,324.6099853515625,25268.94921875,50799100.0,80440900.0,428900.0
2025-06-27,200.28543090820312,323.6300048828125,25637.80078125,202.41697405518968,329.3399963378906,25654.19921875,199.20969672208463,317.5,25523.55078125,201.09222774816857,324.510009765625,25576.650390625,73188600.0,89067000.0,564000.0
2025-06-30,204.3592529296875,317.6600036621094,25517.05078125,206.57048164253425,325.5799865722656,25669.349609375,198.4726031076903,316.6000061035156,25473.30078125,201.211736268348,319.8999938964844,25661.650390625,91912800.0,76695100.0,271000.0
2025-07-01,206.99879455566406,300.7099914550781,25541.80078125,209.35942450018746,305.8900146484375,25593.400390625,205.3254252695324,293.2099914550781,25501.80078125,205.85332972802502,298.4599914550781,25551.349609375,78788900.0,145085700.0,260700.0
2025-07-02,211.60052490234375,315.6499938964844,25453.400390625,212.4969623845337,316.8299865722656,25608.099609375,207.31751373506327,303.82000732421875,25378.75,208.08447525999887,312.6300048828125,25588.30078125,67941800.0,119483700.0,309800.0
2025-07-03,212.70616149902344,315.3500061035156,25405.30078125,213.80180573654258,318.45001220703125,25587.5,210.97303162710094,312.760009765625,25384.349609375,211.31168447150716,317.989990234375,25505.099609375,34955800.0,58042300.0,293400.0
2025-07-04,,,25461.0,,,25470.25,,,25331.650390625,,,25428.849609375,,,193500.0
2025-07-07,209.12037658691406,293.94000244140625,25461.30078125,215.37555986284275,296.1499938964844,25489.80078125,207.97492690746134,288.7699890136719,25407.25,211.83958469799765,291.3699951171875,25450.44921875,50229000.0,131177900.0,196100.0
2025-07-08,209.18014526367188,297.80999755859375,25522.5,210.59453234535175,304.04998779296875,25548.05078125,207.62631199643187,294.3500061035156,25424.150390625,209.26980118177752,297.0,25427.849609375,42848900.0,103246700.0,210400.0
2025-07-09,210.30567932128906,295.8800048828125,25476.099609375,210.49493096772343,300.1499938964844,25548.69921875,206.40117103180637,293.54998779296875,25424.349609375,208.7020406311003,297.54998779296875,25514.599609375,48749400.0,75586800.0,239100.0
2025-07-10,211.57064819335938,309.8699951171875,25355.25,212.6364120977978,310.4800109863281,25524.05078125,209.2000480941239,300.0,25340.44921875,209.678147079363,300.04998779296875,25511.650390625,44443600.0,104365300.0,219600.0
2025-07-11,210.32559204101562,313.510009765625,25149.849609375,211.29176024279,314.0899963378906,25322.44921875,209.03072603053,305.6499938964844,25129.0,209.73792710960444,307.8900146484375,25255.5,39765800.0,79236400.0,250000.0
2025-07-14,207.79562377929688,316.8999938964844,25082.30078125,210.07658325197187,322.6000061035156,25151.099609375,206.71988962428105,312.6700134277344,25001.94921875,209.10044482334126,317.7300109863281,25149.5,38840100.0,78043400.0,259500.0
2025-07-15,208.28370666503906,310.7799987792969,25195.80078125,211.05272033528996,321.20001220703125,25245.19921875,208.09445501444372,310.5,25088.44921875,208.39327261019983,319.67999267578125,25089.5,42296300.0,77556300.0,241300.0
2025-07-16,209.32955932617188,321.6700134277344,25212.05078125,211.5606982702429,323.5,25255.30078125,207.81556132948495,312.6199951171875,25121.05078125,209.46900551017632,312.79998779296875,25196.599609375,47490500.0,97284800.0,228800.0
2025-07-17,209.19009399414062,319.4100036621094,25111.44921875,210.96305897069354,324.3399963378906,25238.349609375,208.761785269157,317.05999755859375,25101.0,209.7379236663323,323.1499938964844,25230.75,48068100.0,73922900.0,243400.0
2025-07-18,210.3455047607422,329.6499938964844,24968.400390625,210.95309492429405,330.8999938964844,25144.599609375,208.87135730762196,321.4200134277344,24918.650390625,210.0367321724359,321.6600036621094,25108.55078125,48974600.0,94255000.0,317000.0
2025-07-21,211.64036560058594,328.489990234375,25090.69921875,214.92732845073886,338.0,25111.400390625,210.7937335563828,326.8800048828125,24882.30078125,211.2618775331451,334.3999938964844,24999.0,51377400.0,75768800.0,305200.0
2025-07-22,213.55279541015625,332.1099853515625,25060.900390625,214.1006251327807,335.4100036621094,25182.0,211.39137195770533,321.54998779296875,25035.55078125,212.29777975345726,329.739990234375,25166.650390625,46404100.0,77370400.0,483700.0
2025-07-23,213.30377197265625,332.55999755859375,25219.900390625,214.29982043425818,336.20001220703125,25233.5,211.57065737650467,328.6700134277344,25085.5,214.15041924441525,330.8999938964844,25139.349609375,46989300.0,92553800.0,271500.0
2025-07-24,212.91531372070312,305.29998779296875,25062.099609375,214.83769515517375,310.1499938964844,25246.25,212.68622683006964,300.4100036621094,25018.69921875,213.05475989741393,310.0,25243.30078125,46022600.0,156966000.0,338700.0
2025-07-25,213.0348358154297,316.05999755859375,24837.0,214.38946224202752,323.6300048828125,25010.349609375,212.55672164240056,308.010009765625,24806.349609375,213.85158759699283,308.739990234375,25010.349609375,40268800.0,148227000.0,278100.0
2025-07-28,213.2041778564453,325.5899963378906,24680.900390625,214.00101967144602,330.489990234375,24889.19921875,212.2180844005514,315.69000244140625,24646.599609375,213.18425263148458,318.45001220703125,24782.44921875,37858000.0,112673800.0,262100.0
2025-07-29,210.43516540527344,321.20001220703125,24821.099609375,213.96117031669576,326.25,24847.150390625,209.9869466315705,318.25,24598.599609375,213.33365491441555,325.54998779296875,24609.650390625,51411700.0,87358900.0,284700.0
2025-07-30,208.22393798828125,319.0400085449219,24855.05078125,211.5507362671114,324.45001220703125,24902.30078125,206.89919168476044,311.6199951171875,24771.94921875,211.06266703997414,322.17999267578125,24890.400390625,45512500.0,83931900.0,243900.0
2025-07-31,206.74978637695312,308.2699890136719,24768.349609375,209.01080544085684,321.3699951171875,24956.5,206.3414028602417,306.1000061035156,24635.0,207.66614913739534,319.6099853515625,24642.25,80698400.0,85270900.0,346300.0
2025-08-01,201.58030700683594,302.6300048828125,24565.349609375,212.7360475386617,309.30999755859375,24784.150390625,200.7037794341265,297.82000732421875,24535.05078125,210.03674932642843,306.2099914550781,24734.900390625,104434500.0,89121400.0,263400.0
2025-08-04,202.5464630126953,309.260009765625,24722.75,207.0585613783641,312.1199951171875,24736.25,200.88304868853191,303.0,24554.0,203.70186769022786,309.0799865722656,24596.05078125,75109300.0,78683900.0,259300.0
2025-08-05,202.11814880371094,308.7200012207031,24649.55078125,204.52858421879685,312.45001220703125,24733.099609375,201.36115745633876,305.5,24590.30078125,202.59624780213056,308.95001220703125,24720.25,44155100.0,57961300.0,251800.0
2025-08-06,212.40733337402344,319.9100036621094,24574.19921875,214.52892145014,320.4700012207031,24671.400390625,204.77759854868273,306.92999267578125,24539.19921875,204.81744899810374,307.8900146484375,24641.349609375,108483100.0,78523600.0,225100.0
2025-08-07,219.16053771972656,322.2699890136719,24596.150390625,219.97730473834642,322.3999938964844,24634.19921875,215.7241736307253,316.1600036621094,24344.150390625,218.01508808955717,319.7900085449219,24464.19921875,90224800.0,66658700.0,616700.0
2025-08-08,228.4437255859375,329.6499938964844,24363.30078125,230.08719950298993,335.1499938964844,24585.5,218.38362983130105,320.9800109863281,24337.5,219.95738825778145,321.42999267578125,24544.25,113854000.0,91200300.0,312600.0
2025-08-11,226.53909301757812,339.0299987792969,24585.05078125,228.91238364576833,346.6400146484375,24600.849609375,224.12592192869855,334.1499938964844,24347.44921875,227.27701087414155,335.0,24371.5,61806100.0,105320200.0,241100.0
2025-08-12,229.0021209716797,340.8399963378906,24487.400390625,230.14888579943394,345.260009765625,24702.599609375,226.429412881848,332.94000244140625,24465.650390625,227.36674823663387,345.0,24563.349609375,55626200.0,80522100.0,237000.0
2025-08-13,232.6717529296875,339.3800048828125,24619.349609375,234.33703985510917,348.9800109863281,24664.55078125,229.77992501054072,338.20001220703125,24535.25,230.4181341091737,341.5,24586.19921875,69878500.0,67838900.0,236000.0
2025-08-14,232.12330627441406,335.5799865722656,24631.30078125,234.4567012802976,340.4700012207031,24673.650390625,230.19875827485632,330.3999938964844,24596.900390625,233.39969406647393,335.760009765625,24607.25,51916300.0,75000700.0,270200.0
2025-08-15,230.93667602539062,330.55999755859375,,233.61908991261305,339.29998779296875,,228.6930233233153,327.0199890136719,,233.33988101583648,337.6600036621094,,56038700.0,74319800.0,
2025-08-18,230.23863220214844,335.1600036621094,24876.94921875,232.46233685580373,336.2699890136719,25022.0,229.46083388892833,329.5899963378906,24852.849609375,231.04634466466607,329.6199951171875,24938.19921875,37476200.0,56956600.0,363100.0
2025-08-19,229.90957641601562,329.30999755859375,24980.650390625,232.21305735738468,340.54998779296875,25012.650390625,228.70299840660482,327.8500061035156,24873.94921875,230.6275464777077,335.7900085449219,24891.349609375,39402600.0,75956000.0,252300.0
2025-08-20,225.3723907470703,323.8999938964844,25050.55078125,229.81981519856654,331.3699951171875,25088.69921875,225.13307755654054,314.6000061035156,24929.69921875,229.33119207499826,329.2200012207031,24965.80078125,42263900.0,77481800.0,287100.0
2025-08-21,224.26551818847656,320.1099853515625,25083.75,225.88095827873425,324.8999938964844,25153.650390625,223.14868274098328,318.67999267578125,25054.900390625,225.63166356522294,322.0799865722656,25142.0,30621200.0,55744400.0,226500.0
2025-08-22,227.11746215820312,340.010009765625,24870.099609375,228.44371192910324,340.25,25084.849609375,224.77410085849388,319.69000244140625,24859.150390625,225.53195134940427,321.6600036621094,25064.150390625,42477800.0,94016300.0,210200.0
2025-08-25,226.5191650390625,346.6000061035156,24967.75,228.65312729963858,349.5299987792969,25021.55078125,225.59178073979155,335.0299987792969,24894.349609375,225.84107546750252,338.8999938964844,24949.150390625,30983100.0,86670000.0,213000.0
2025-08-26,228.6630859375,351.6700134277344,24712.05078125,228.84258604761433,351.8999938964844,24919.650390625,224.05612439304167,343.7200012207031,24689.599609375,226.22996704217394,344.92999267578125,24899.5,54575100.0,76651600.0,750500.0
2025-08-27,229.8397674560547,349.6000061035156,,230.24859923631865,355.3900146484375,,227.6160475796746,349.1600036621094,,227.96506627689797,351.94000244140625,,31259500.0,65519000.0,
2025-08-28,231.90391540527344,345.9800109863281,24500.900390625,232.7515235304584,353.54998779296875,24702.650390625,228.692998228932,340.260009765625,24481.599609375,230.16883391080088,350.9100036621094,24695.80078125,38074700.0,67903200.0,326600.0
2025-08-29,231.485107421875,333.8699951171875,24426.849609375,232.7216147258446,348.75,24572.44921875,230.71727541448905,331.70001220703125,24404.69921875,231.85405874294378,347.2300109863281,24466.69921875,39418400.0,81145700.0,325500.0
2025-09-01,,,24625.05078125,,,24635.599609375,,,24432.69921875,,,24432.69921875,,,229300.0
2025-09-02,229.07192993164062,329.3599853515625,24579.599609375,230.19874691737337,333.3299865722656,24756.099609375,226.3296880547272,325.6000061035156,24522.349609375,228.60325464814514,328.2300109863281,24653.0,44075600.0,58392000.0,271600.0
2025-09-03,237.7972412109375,334.0899963378906,24715.05078125,238.1761740423919,343.3299865722656,24737.05078125,233.69883553511272,328.510009765625,24533.19921875,236.54080133953738,335.20001220703125,24616.5,66427800.0,88733300.0,340300.0
2025-09-04,239.10354614257812,338.5299987792969,24734.30078125,239.2232027368954,338.8900146484375,24980.75,236.0721290991865,331.4800109863281,24708.19921875,237.77729643117493,336.1499938964844,24980.75,47549400.0,60711000.0,314100.0
2025-09-05,239.01380920410156,350.8399963378906,24741.0,240.63921565449175,355.8699951171875,24832.349609375,237.8171975861315,344.67999267578125,24621.599609375,239.3229322237051,348.0,24818.849609375,54870400.0,108989800.0,210100.0
2025-09-08,237.20892333984375,346.3999938964844,24773.150390625,239.47250850410185,358.44000244140625,24885.5,235.6732593017711,344.8399963378906,24751.55078125,238.62491556233425,354.6400146484375,24802.599609375,48999500.0,75208300.0,213200.0
2025-09-09,233.6888885498047,346.9700012207031,24868.599609375,238.10638391026913,350.7699890136719,24891.80078125,232.70167593051625,343.82000732421875,24814.0,236.33140663047269,348.44000244140625,24864.099609375,66313900.0,53816000.0,226900.0
2025-09-10,226.1501922607422,347.7900085449219,24973.099609375,231.76431424305812,356.3299865722656,25035.69921875,225.31256565050364,346.07000732421875,24915.05078125,231.53496736029473,350.54998779296875,24991.0,83440800.0,72121700.0,244100.0
2025-09-11,229.3810577392578,368.80999755859375,25005.5,229.7998710451417,368.989990234375,25037.30078125,226.010588238333,347.6000061035156,24940.150390625,226.23995033725743,350.1700134277344,24945.5,50208600.0,103756000.0,224600.0
2025-09-12,233.40966796875,395.94000244140625,25114.0,233.84841389514688,396.69000244140625,25139.44921875,228.3739115767776,370.239990234375,25038.05078125,228.5733443098202,370.94000244140625,25074.44921875,55824200.0,168156400.0,225700.0
2025-09-15,236.03224182128906,410.0400085449219,25069.19921875,237.5180438551372,425.70001220703125,25138.44921875,234.36695488957946,402.42999267578125,25048.75,236.33139853346725,423.1300048828125,25118.900390625,42699500.0,163823700.0,185400.0
2025-09-16,237.4781494140625,421.6199951171875,25239.099609375,240.53949594661788,423.25,25261.400390625,235.65332541334,411.42999267578125,25070.44921875,236.51088466190768,414.5,25073.599609375,63421100.0,104285700.0,240100.0
2025-09-17,238.3157958984375,425.8599853515625,25330.25,239.42266510979977,428.30999755859375,25346.5,237.05934071942244,409.6700134277344,25275.349609375,238.2958480596019,415.75,25276.599609375,46508000.0,106133500.0,268900.0
2025-09-18,237.20892333984375,416.8500061035156,25423.599609375,240.51954939992544,432.2200012207031,25448.94921875,235.98238232851827,416.55999755859375,25329.75,239.29302360434258,428.8699951171875,25441.05078125,44249600.0,90454500.0,272200.0
2025-09-19,244.80740356445312,426.07000732421875,25327.05078125,245.60514967420656,429.4700012207031,25428.75,239.53233423145286,421.7200012207031,25286.30078125,240.54944568604057,421.82000732421875,25410.19921875,163741300.0,93131000.0,380400.0
2025-09-22,255.35755920410156,434.2099914550781,25202.349609375,255.9160073848096,444.9800109863281,25331.69921875,247.42002368458668,429.1300048828125,25151.05078125,247.5995237986898,431.1099853515625,25238.099609375,105517400.0,97108800.0,254500.0
2025-09-23,253.7122344970703,425.8500061035156,25169.5,256.6140289111009,440.9700012207031,25261.900390625,252.86464151383097,423.7200012207031,25084.650390625,255.15815615601056,439.8800048828125,25209.0,60275200.0,83422700.0,299200.0
2025-09-24,251.59820556640625,442.7900085449219,25056.900390625,255.01853710208397,444.2099914550781,25149.849609375,250.33178410429736,429.0299987792969,25027.44921875,254.49999981420794,429.8299865722656,25108.75,42303700.0,93133600.0,244400.0
2025-09-25,256.1453552246094,423.3900146484375,24890.849609375,256.44452717224715,435.3500061035156,25092.69921875,250.99992334214926,419.0799865722656,24878.30078125,252.4956917858775,435.239990234375,25034.5,55202100.0,96746400.0,342500.0
2025-09-26,254.73931884765625,440.3999938964844,24654.69921875,256.87328100426123,440.4700012207031,24868.599609375,253.06405044687503,421.0199890136719,24629.44921875,253.38315498635407,428.29998779296875,24818.55078125,46076300.0,101628200.0,291500.0
2025-09-29,253.7122344970703,443.2099914550781,24634.900390625,254.28063380560434,450.9800109863281,24791.30078125,252.29624220529692,439.5,24606.19921875,253.8418726304012,444.3500061035156,24728.55078125,40127700.0,79491500.0,394400.0
2025-09-30,253.9116668701172,444.7200012207031,24611.099609375,255.1980209495745,445.0,24731.80078125,252.39595068950493,433.1199951171875,24587.69921875,254.1410137555297,441.5199890136719,24691.94921875,37704300.0,74358000.0,303000.0
2025-10-01,254.72933959960938,459.4599914550781,24836.30078125,258.0599285933123,462.2900085449219,24867.94921875,254.21080232618834,440.75,24605.94921875,254.32049261064776,443.79998779296875,24620.55078125,48713900.0,98122300.0,308900.0
2025-10-02,256.40460205078125,436.0,,257.45162766856953,470.75,,253.43299812845933,435.57000732421875,,255.85613542550084,470.5400085449219,,42630200.0,137009000.0,
2025-10-03,257.2920837402344,429.8299865722656,24894.25,258.5086431914624,446.7699890136719,24904.80078125,253.23357360959045,416.5799865722656,24747.55078125,253.9515436206674,443.2900085449219,24759.55078125,49155600.0,133188200.0,365900.0
2025-10-06,255.96585083007812,453.25,25077.650390625,258.3391414491699,453.54998779296875,25095.94921875,254.33047806472084,436.69000244140625,24881.650390625,257.2621712100349,440.75,24916.55078125,44664100.0,85324900.0,268800.0
2025-10-07,255.7564697265625,433.0899963378906,25108.30078125,256.67385732493904,452.67999267578125,25220.900390625,254.7094135633123,432.45001220703125,25076.30078125,256.08552539236376,447.82000732421875,25085.30078125,31955800.0,102296100.0,288000.0
2025-10-08,257.33197021484375,438.69000244140625,25046.150390625,257.7906639625656,441.3299865722656,25192.5,255.3874592951906,425.2300109863281,25008.5,255.7963062732735,437.57000732421875,25079.75,36496900.0,71192100.0,227400.0
2025-10-09,253.32330322265625,435.5400085449219,25181.80078125,257.27213808351553,436.3500061035156,25199.25,252.42584836214985,426.17999267578125,25024.30078125,257.08267167133846,431.80999755859375,25074.30078125,38322000.0,69339900.0,286300.0
2025-10-10,244.57806396484375,413.489990234375,25285.349609375,255.6567217403356,443.1300048828125,25330.75,243.3116425485481,411.45001220703125,25156.849609375,254.2207817432353,436.5400085449219,25167.650390625,61999100.0,112107900.0,232900.0
2025-10-13,246.96131896972656,435.8999938964844,25227.349609375,248.98559082884384,436.8900146484375,25267.30078125,244.86723728717817,419.70001220703125,25152.30078125,248.6764678182016,423.5299987792969,25177.30078125,38142900.0,79552800.0,234300.0
2025-10-14,247.07101440429688,429.239990234375,25145.5,248.14796941642882,434.20001220703125,25310.349609375,244.00966795095763,417.8599853515625,25060.55078125,245.90431694508948,426.7900085449219,25277.55078125,35478000.0,72669400.0,292100.0
2025-10-15,248.63658142089844,435.1499938964844,25323.55078125,251.10959602979932,440.510009765625,25365.150390625,246.77186176083558,426.3299865722656,25159.349609375,248.78616738422895,434.8999938964844,25181.94921875,33893600.0,71558200.0,289900.0
2025-10-16,246.75192260742188,428.75,25585.30078125,248.33743345063007,439.3500061035156,25625.400390625,244.43847540742667,421.30999755859375,25376.849609375,247.54966879270205,434.7300109863281,25394.900390625,39777000.0,77189900.0,372800.0
2025-10-17,251.57826232910156,439.30999755859375,25709.849609375,252.66519891282977,441.4599914550781,25781.5,246.57243512001992,423.6000061035156,25508.599609375,247.32031930793073,425.5,25546.849609375,49147000.0,89331600.0,422100.0
2025-10-20,261.5001525878906,447.42999267578125,25843.150390625,263.6341297765207,449.79998779296875,25926.19921875,254.90881548292631,440.6099853515625,25788.5,255.16807648712648,443.8699951171875,25824.599609375,90483000.0,63719000.0,301100.0
2025-10-21,262.0286865234375,442.6000061035156,25868.599609375,264.5415968076956,449.29998779296875,25934.349609375,261.0913359303388,442.04998779296875,25825.80078125,261.141213133835,445.760009765625,25901.19921875,46695900.0,54412200.0,42500.0
2025-10-22,257.72088623046875,438.9700012207031,,262.1084670888602,445.5400085449219,,254.70938662410154,429.0,,261.9090191460537,443.45001220703125,,45015300.0,84023500.0,
2025-10-23,258.84771728515625,448.9800109863281,25891.400390625,259.88479198943105,449.3999938964844,26104.19921875,257.2821693476752,413.8999938964844,25862.44921875,259.20671755765045,420.0,26057.19921875,32754900.0,126709800.0,448400.0
2025-10-24,262.07855224609375,433.7200012207031,25795.150390625,263.3848541030092,451.67999267578125,25944.150390625,258.44880663072195,430.1700134277344,25718.19921875,260.4531458541269,446.8299865722656,25935.099609375,38253700.0,94727800.0,284900.0
2025-10-27,268.0516357421875,452.4200134277344,25966.05078125,268.3607587413759,460.1600036621094,26005.94921875,263.9033682058253,438.69000244140625,25827.0,264.13273028939324,439.9800109863281,25843.19921875,44888200.0,105867500.0,266300.0
2025-10-28,268.2410888671875,460.54998779296875,25936.19921875,269.12859257872884,467.0,26041.69921875,267.39348082722177,451.6000061035156,25810.05078125,268.23110734142335,454.7799987792969,25939.94921875,41534800.0,80185700.0,395200.0
2025-10-29,268.93914794921875,461.510009765625,26053.900390625,270.6443152614699,465.70001220703125,26097.849609375,266.35642794866993,452.6499938964844,25960.30078125,268.5203194424725,462.5,25982.0,51086700.0,67983500.0,321900.0
2025-10-30,270.63433837890625,440.1000061035156,25877.849609375,273.36662916750566,455.05999755859375,26032.05078125,267.72259312931254,439.6099853515625,25845.25,271.2226702585742,451.04998779296875,25984.400390625,69886500.0,72447900.0,257400.0
2025-10-31,269.60723876953125,456.55999755859375,25722.099609375,276.53764389728985,458.0,25953.75,268.4006608909581,443.69000244140625,25711.19921875,276.2085578376442,446.75,25863.80078125,86167100.0,83135800.0,334400.0
2025-11-03,268.2909851074219,468.3699951171875,25763.349609375,270.08592548154905,474.07000732421875,25803.099609375,265.4988962118729,453.79998779296875,25645.5,269.6571458353552,455.989990234375,25696.849609375,50194600.0,84595200.0,23300.0
2025-11-04,269.2781982421875,444.260009765625,25597.650390625,270.72408938596277,460.2200012207031,25787.400390625,266.86501191822913,443.6000061035156,25578.400390625,267.5730004152706,454.4599914550781,25744.75,49274800.0,87756600.0,305100.0
2025-11-05,269.3778991699219,462.07000732421875,,270.93349568379296,466.3299865722656,,266.17693326929896,440.7099914550781,,267.8521863717013,452.04998779296875,,43683100.0,85573000.0,
2025-11-06,269.0089416503906,445.9100036621094,25509.69921875,272.6287059365568,467.45001220703125,25679.150390625,267.1342708755924,435.0899963378906,25491.55078125,267.1342708755924,461.9599914550781,25593.349609375,51204000.0,109622900.0,371900.0
2025-11-07,267.7126159667969,429.5199890136719,25492.30078125,271.5218466038475,439.3599853515625,25551.25,266.0173996929098,421.8800048828125,25318.44921875,269.03885049148494,437.9200134277344,25433.80078125,48227400.0,103471500.0,305600.0
2025-11-10,268.9303283691406,445.2300109863281,25574.349609375,273.2223721938244,449.6700134277344,25653.44921875,266.9639805623884,433.3599853515625,25503.5,268.46119877683986,439.6000061035156,25503.5,41312400.0,76515900.0,243600.0
2025-11-11,274.73956298828125,439.6199951171875,25694.94921875,275.3983427074405,442.489990234375,25715.80078125,269.2996575494418,432.3599853515625,25449.25,269.3096487524697,439.3999938964844,25617.0,46208300.0,60533200.0,297700.0
2025-11-12,272.962890625,430.6000061035156,25875.80078125,275.2187095291286,442.3299865722656,25934.55078125,271.19618380015726,426.55999755859375,25781.150390625,274.49005224267427,442.1499938964844,25834.30078125,48398000.0,58513500.0,312600.0
2025-11-13,272.4438171386719,401.989990234375,25879.150390625,276.1868626363035,424.5,26010.69921875,271.58539619817094,396.3399963378906,25808.400390625,273.6016390736082,423.1300048828125,25906.099609375,49602800.0,118948000.0,385200.0
2025-11-14,271.90484619140625,404.3500061035156,25910.05078125,275.4482508823214,412.19000244140625,25940.19921875,269.10005949599775,382.7799987792969,25740.80078125,270.5473523374902,386.29998779296875,25767.900390625,47431300.0,105506700.0,518900.0
2025-11-17,266.9639892578125,408.9200134277344,26013.44921875,269.98836893107386,423.9599914550781,26024.19921875,265.237217022597,398.739990234375,25906.349609375,268.3214829895084,398.739990234375,25948.19921875,45018300.0,102214300.0,281800.0
2025-11-18,266.94403076171875,401.25,25910.05078125,270.20795552947055,408.8999938964844,26029.849609375,264.8279672087311,393.7099914550781,25876.5,269.48928956232544,405.3800048828125,26021.80078125,45677300.0,80688600.0,280000.0
2025-11-19,268.0619812011719,403.989990234375,26052.650390625,271.70520656667077,411.7799987792969,26074.650390625,265.0076580872151,398.5,25856.19921875,265.0376012369211,406.17999267578125,25918.099609375,40424500.0,72047700.0,250100.0
2025-11-20,265.7562561035156,395.2300109863281,26192.150390625,274.91922505965954,428.94000244140625,26246.650390625,265.42688147061517,394.739990234375,26063.19921875,270.327749378444,414.6300048828125,26132.099609375,45823600.0,113548800.0,240400.0
2025-11-21,270.98651123046875,391.0899963378906,26068.150390625,272.8230952896135,402.79998779296875,26179.19921875,265.17732758833057,383.760009765625,26052.19921875,265.4568071090486,402.32000732421875,26109.55078125,59030800.0,100460600.0,235600.0
2025-11-24,275.4083557128906,417.7799987792969,25959.5,276.48633959077114,421.7200012207031,26142.80078125,270.397645153795,401.0899963378906,25912.150390625,270.397645153795,402.1700134277344,26122.80078125,65585800.0,96806400.0,464700.0
2025-11-25,276.45635986328125,419.3999938964844,25884.80078125,279.8600396675645,420.4800109863281,26032.599609375,274.7395483878858,405.95001220703125,25857.5,274.75950033189645,414.4200134277344,25998.5,46914200.0,71915600.0,260500.0
2025-11-26,277.0353088378906,426.5799865722656,26205.30078125,279.0116481613461,426.94000244140625,26215.150390625,276.11703191175064,416.8900146484375,25842.94921875,276.4464065684995,423.95001220703125,25842.94921875,33431400.0,63463000.0,275300.0
2025-11-27,,,26215.55078125,,,26310.44921875,,,26141.900390625,,,26261.25,,,240300.0
2025-11-28,278.3328857421875,430.1700134277344,26202.94921875,278.4826014787427,432.92999267578125,26280.75,275.4781737009374,426.20001220703125,26172.400390625,276.7458380127342,426.5899963378906,26237.44921875,20135600.0,36252900.0,202500.0
2025-12-01,282.57501220703125,430.1400146484375,26175.75,282.89442609469603,433.6600036621094,26325.80078125,275.62792768573877,425.2900085449219,26124.19921875,277.4944549964911,425.32000732421875,26325.80078125,46587700.0,57463600.0,213800.0
2025-12-02,285.6592712402344,429.239990234375,26032.19921875,286.86701880065203,436.79998779296875,26154.599609375,282.10587559562896,422.1199951171875,25997.849609375,282.47518456741903,430.80999755859375,26087.94921875,53669500.0,69336600.0,254800.0
2025-12-03,283.623046875,446.739990234375,25986.0,288.0847586222564,447.9200134277344,26066.44921875,282.77461708045536,431.1099853515625,25891.0,285.6692634925469,432.1000061035156,26004.900390625,43538700.0,87483000.0,265700.0
2025-12-04,280.179443359375,454.5299987792969,26033.75,284.20196835267484,454.6300048828125,26098.25,278.07334059490756,445.3900146484375,25938.94921875,283.5731318378766,449.94000244140625,25981.849609375,43989100.0,71906500.0,248100.0
2025-12-05,278.26300048828125,455.0,26186.44921875,280.6186397013617,458.8699951171875,26202.599609375,277.53434330937836,451.6600036621094,25985.349609375,280.01974631085085,453.0299987792969,25999.80078125,47265800.0,56427500.0,249300.0
2025-12-08,277.3746643066406,439.5799865722656,25960.55078125,279.15136205700173,449.75,26178.69921875,275.6378704438954,435.25,25892.25,277.6142094762677,447.45001220703125,26159.80078125,38211800.0,69165800.0,320700.0
2025-12-09,276.6659851074219,445.1700134277344,25839.650390625,279.5107061083118,452.3900146484375,25923.650390625,276.4064879695729,435.70001220703125,25728.0,277.6441787437343,437.5400085449219,25867.099609375,32193300.0,62367400.0,276000.0
2025-12-10,278.26300048828125,451.45001220703125,25758.0,279.2312028389952,456.8800048828125,25947.650390625,275.92734368017386,443.6099853515625,25734.55078125,277.23491184461454,446.07000732421875,25864.05078125,33038300.0,63257500.0,207900.0
2025-12-11,277.514404296875,446.8900146484375,25898.55078125,279.07150890817053,449.2699890136719,25922.80078125,273.3022288840155,440.3299865722656,25693.25,278.5824273392719,448.95001220703125,25771.400390625,33248000.0,55979500.0,206100.0
2025-12-12,277.763916015625,458.9599914550781,26046.94921875,278.70217518025987,463.010009765625,26057.599609375,276.30663218031253,441.6700134277344,25938.44921875,277.38461586894516,448.0899963378906,25971.19921875,39532900.0,95656700.0,216300.0
2025-12-15,273.6016540527344,475.30999755859375,26027.30078125,279.63046152672615,481.7699890136719,26047.150390625,272.33402020742307,467.6600036621094,25904.75,279.63046152672615,469.44000244140625,25930.05078125,50409100.0,114542200.0,181600.0
2025-12-16,274.1007385253906,489.8800048828125,25860.099609375,274.9891026980292,491.5,25980.75,271.2859911871425,465.8299865722656,25834.349609375,272.3140798989353,472.2099914550781,25951.5,37648600.0,107608100.0,264400.0
2025-12-17,271.33587646484375,467.260009765625,25818.55078125,275.6478724530811,495.2799987792969,25929.150390625,271.13626563598973,466.20001220703125,25770.349609375,274.50001118897205,488.2200012207031,25902.400390625,50138700.0,106490400.0,206500.0
2025-12-18,271.68524169921875,483.3699951171875,25815.55078125,273.12257373871984,490.8599853515625,25902.349609375,266.4549687260805,473.1199951171875,25726.30078125,273.1025913325419,478.1600036621094,25764.69921875,51630700.0,95168400.0,197600.0
2025-12-19,273.1625061035156,481.20001220703125,25966.400390625,274.09077415448866,490.489990234375,25993.349609375,269.399477884542,474.7200012207031,25880.44921875,271.6453053723066,488.1199951171875,25911.5,144632000.0,103305400.0,382900.0
2025-12-22,270.4674987792969,488.7300109863281,26172.400390625,273.37210596231955,498.8299865722656,26180.69921875,270.00836035897595,485.3299865722656,26047.80078125,272.3539780142796,489.8800048828125,26055.849609375,36571800.0,86916100.0,253000.0
2025-12-23,271.85491943359375,485.55999755859375,26177.150390625,271.99467443806464,491.9700012207031,26233.55078125,269.06012395403746,482.8399963378906,26119.05078125,270.3377490962612,489.3999938964844,26205.19921875,29642000.0,58223600.0,216600.0
2025-12-24,273.3022155761719,485.3999938964844,26142.099609375,274.9192064044749,490.8999938964844,26236.400390625,271.69521595033444,476.79998779296875,26123.0,271.8349404799371,488.4800109863281,26170.650390625,17910600.0,41285400.0,188800.0
2025-12-26,272.89300537109375,475.19000244140625,26042.30078125,274.8593534534055,489.0899963378906,26144.19921875,272.35399820928086,473.82000732421875,26008.599609375,273.65160578690546,485.2300109863281,26121.25,21521800.0,58780700.0,142200.0
2025-12-29,273.2523498535156,459.6400146484375,25942.099609375,273.8512128461511,469.3999938964844,26106.80078125,271.8449608988494,459.0,25920.30078125,272.1843267483383,469.0,26063.349609375,23715200.0,66263000.0,234300.0
2025-12-30,272.57354736328125,454.42999267578125,25938.849609375,273.57169281796894,463.1199951171875,25976.75,271.77504318392386,453.8299865722656,25878.0,272.30405905646904,461.0899963378906,25940.900390625,22139600.0,59238500.0,396900.0
2025-12-31,271.3558349609375,449.7200012207031,26129.599609375,273.17246717497864,456.54998779296875,26187.94921875,271.24605357156486,449.29998779296875,25969.0,272.553621806917,456.1000061035156,25971.05078125,27293600.0,49078000.0,246300.0
2026-01-01,,,26146.55078125,,,26197.55078125,,,26113.400390625,,,26173.30078125,,,425600.0
2026-01-02,270.5074462890625,438.07000732421875,26328.55078125,277.32476727085935,458.3399963378906,26340.0,268.5011639041959,435.29998779296875,26118.400390625,271.7551282774649,457.79998779296875,26155.099609375,37838100.0,85535400.0,357500.0
2026-01-05,266.764404296875,451.6700134277344,26250.30078125,271.00652312062255,457.54998779296875,26373.19921875,265.64648609237463,444.57000732421875,26210.05078125,270.1381413175191,447.989990234375,26333.69921875,45647200.0,67940800.0,338800.0
2026-01-06,261.87347412109375,432.9599914550781,26178.69921875,267.05385240251036,448.25,26273.94921875,261.63392891626114,428.7799987792969,26124.75,266.5048844877732,446.3800048828125,26189.69921875,52352100.0,89093800.0,383000.0
2026-01-07,259.84722900390625,431.4100036621094,26140.75,263.1910228349833,438.3699951171875,26187.150390625,259.3282042611396,431.2900085449219,26067.900390625,262.7119324450406,435.8999938964844,26143.099609375,48309800.0,59828800.0,338200.0
2026-01-08,258.55963134765625,435.79998779296875,25876.849609375,258.80916773471864,436.8900146484375,26133.19921875,255.22581364132833,424.3699951171875,25858.44921875,256.5433578451618,427.8900146484375,26106.5,50419300.0,57041100.0,328500.0
2026-01-09,258.8890075683594,445.010009765625,25683.30078125,259.7274461787287,449.04998779296875,25940.599609375,255.74485516422806,430.3900146484375,25623.0,258.5995368285105,435.95001220703125,25840.400390625,39997000.0,67331500.0,348800.0
2026-01-12,259.7673645019531,448.9599914550781,25790.25,260.81540508500296,454.29998779296875,25813.150390625,256.32375036738995,438.0,25473.400390625,258.679389570116,441.2300109863281,25669.05078125,45263800.0,61649600.0,275800.0
2026-01-13,260.5658874511719,447.20001220703125,25732.30078125,261.3244878277737,451.80999755859375,25899.80078125,257.9108470550362,443.95001220703125,25603.30078125,258.24022168851656,450.20001220703125,25897.349609375,45730800.0,53719200.0,339500.0
2026-01-14,259.4779052734375,439.20001220703125,25665.599609375,261.33447181199796,443.9100036621094,25791.75,256.23393227813756,434.2200012207031,25603.94921875,259.0087756526009,442.80999755859375,25648.55078125,40019400.0,57259500.0,393100.0
2026-01-15,257.7311706542969,438.57000732421875,,260.55593980217856,445.3599853515625,,256.57331808587395,437.6499938964844,,260.16664839115424,441.1300048828125,,39388600.0,49465800.0,
2026-01-16,255.05612182617188,437.5,25694.349609375,258.41986733264514,447.25,25873.5,254.4572284259222,435.260009765625,25662.400390625,257.4217218192236,439.5,25696.05078125,72142800.0,60220600.0,434000.0
2026-01-19,,,25585.5,,,25653.30078125,,,25494.349609375,,,25653.099609375,,,443100.0
2026-01-20,246.2425079345703,419.25,25232.5,254.31750190322293,430.7300109863281,25585.0,242.9685916985444,417.44000244140625,25171.349609375,252.26132447540706,429.3599853515625,25580.30078125,80267500.0,63187300.0,409800.0
2026-01-21,247.1907501220703,431.44000244140625,25157.5,251.09350304772093,438.20001220703125,25300.94921875,244.72532928784554,419.6199951171875,24919.80078125,248.23880604127606,421.6600036621094,25141.0,54641700.0,68124000.0,395600.0
2026-01-22,247.8894500732422,449.3599853515625,25289.900390625,250.53452965267718,449.5,25435.75,247.68980878155546,432.6300048828125,25168.5,248.737864640942,435.1600036621094,25344.150390625,39708300.0,71546700.0,486400.0
2026-01-23,247.58001708984375,449.05999755859375,25048.650390625,248.94748685874615,452.42999267578125,25347.94921875,244.22624741136653,444.0400085449219,25025.30078125,246.86136630134166,447.42999267578125,25344.599609375,41689000.0,56771400.0,393900.0
2026-01-26,254.93637084960938,435.20001220703125,,256.08423219515316,445.0400085449219,,249.33677343540953,434.2799987792969,,251.01365072947274,445.0,,55969200.0,49397400.0,
2026-01-27,257.7910461425781,430.8999938964844,25175.400390625,261.4642450011371,437.5199890136719,25246.650390625,257.73115984508394,430.69000244140625,24932.55078125,258.6894015269614,437.4100036621094,25063.349609375,49648300.0,37733100.0,618700.0
2026-01-28,255.96444702148438,431.4599914550781,25342.75,258.3799421919039,438.260009765625,25372.099609375,254.03801819206552,430.1000061035156,25187.650390625,257.1721946066941,431.9100036621094,25258.849609375,41288000.0,54857400.0,574900.0
2026-01-29,257.801025390625,416.55999755859375,25418.900390625,259.16847988830324,440.2300109863281,25458.150390625,253.93820707645818,414.6199951171875,25159.80078125,257.52154586161765,437.79998779296875,25345.0,67253000.0,81686100.0,582400.0
2026-01-30,258.99884033203125,430.4100036621094,25320.650390625,261.4143357105436,439.8800048828125,25370.69921875,251.71235892004358,422.70001220703125,25213.650390625,254.6968198516284,425.3500061035156,25247.55078125,92443400.0,82626100.0,508400.0
2026-02-02,269.50927734375,421.80999755859375,25088.400390625,269.98836769074944,427.1499938964844,25108.099609375,258.72928762151224,414.5,24679.400390625,259.5477742456141,421.2900085449219,24796.5,73913400.0,58739500.0,449200.0
2026-02-03,268.98028564453125,421.9599914550781,25727.55078125,271.3758289780004,428.55999755859375,26341.19921875,267.11372779647115,413.69000244140625,25641.30078125,268.70080609664296,424.2699890136719,26308.05078125,64394700.0,56886500.0,637300.0
2026-02-04,275.97723388671875,406.010009765625,25776.0,278.432693698261,423.8999938964844,25818.55078125,271.7850411492978,399.17999267578125,25563.94921875,271.7850411492978,420.4599914550781,25675.05078125,90545700.0,74606900.0,429800.0
2026-02-05,275.3983459472656,397.2099914550781,25642.80078125,278.98168486317746,402.1000061035156,25757.650390625,272.72332314901723,387.5299987792969,25579.5,277.6142303156022,397.0199890136719,25755.900390625,52977400.0,72819800.0,343800.0
2026-02-06,277.6042175292969,411.1099853515625,25693.69921875,280.3890519626743,414.54998779296875,25703.94921875,276.4164219647768,397.75,25491.900390625,276.6060720438839,400.8699951171875,25605.80078125,50453400.0,62677100.0,375500.0
2026-02-09,274.3672180175781,417.32000732421875,25867.30078125,277.9439398399519,421.25,25922.25,271.4499228389202,407.2900085449219,25780.900390625,277.6541982366954,409.9100036621094,25888.69921875,44623400.0,54484300.0,359400.0
2026-02-10,273.4280700683594,425.2099914550781,25935.150390625,275.11651686144285,427.25,25989.44921875,272.68876099546605,417.0,25870.44921875,274.6369782150198,418.0799865722656,25922.650390625,34376900.0,64450200.0,460900.0
2026-02-11,275.24639892578125,428.2699890136719,25953.849609375,279.92208361183503,436.3500061035156,26009.400390625,274.1973776592452,420.0299987792969,25899.80078125,274.44714753122867,427.9599914550781,25997.44921875,51931300.0,57362000.0,331400.0
2026-02-12,261.4891052246094,417.07000732421875,25807.19921875,275.46621856633783,436.2300109863281,25906.69921875,259.94051360693726,414.0,25752.400390625,275.3363333447182,430.29998779296875,25906.69921875,81077200.0,61933400.0,419400.0
2026-02-13,255.5445556640625,417.44000244140625,25471.099609375,261.9886306947134,424.05999755859375,25630.349609375,255.21485759663088,410.8800048828125,25444.30078125,261.7688319830923,414.30999755859375,25571.150390625,56290700.0,51434100.0,453500.0
2026-02-16,,,25682.75,,,25697.0,,,25372.69921875,,,25423.599609375,,,275800.0
2026-02-17,263.6371154785156,410.6300048828125,25725.400390625,266.0449008431299,413.7200012207031,25764.400390625,255.30478047881587,400.510009765625,25570.30078125,257.8124646511843,412.3599853515625,25637.94921875,58469100.0,59678800.0,344100.0
2026-02-18,264.106689453125,411.32000732421875,25819.349609375,266.57441720150126,416.8999938964844,25828.05078125,262.20844437502524,409.5799865722656,25645.150390625,263.35737977838915,411.1099853515625,25752.650390625,34203300.0,45921400.0,310200.0
2026-02-19,260.3401184082031,411.7099914550781,25454.349609375,264.2365527856389,415.25,25885.30078125,259.81060750150084,404.1099853515625,25388.75,262.35827847824623,407.25,25873.349609375,30845300.0,51019600.0,298200.0
2026-02-20,264.3364562988281,411.82000732421875,25571.25,264.5063132392292,414.70001220703125,25663.55078125,257.9223826043077,405.5,25379.75,258.73163460792017,408.29998779296875,25406.55078125,42070500.0,57912200.0,296600.0
2026-02-23,265.9349670410156,399.8299865722656,25713.0,269.1819753311392,407.70001220703125,25771.44921875,263.13755670993424,394.0400085449219,25609.349609375,263.24744081710827,407.2900085449219,25678.400390625,37308200.0,69680000.0,313700.0
2026-02-24,271.8895263671875,409.3800048828125,25424.650390625,274.6369951599546,410.82000732421875,25641.80078125,267.46358073991865,397.6400146484375,25327.599609375,267.61343657617186,399.5,25641.80078125,47014600.0,58579500.0,439100.0
2026-02-25,273.97760009765625,417.3999938964844,25482.5,274.6869380517792,420.3399963378906,25652.599609375,270.8005039088116,412.1499938964844,25428.19921875,271.5298429675081,412.1499938964844,25512.599609375,33714300.0,54809700.0,414200.0
2026-02-26,272.6987609863281,408.5799865722656,25496.55078125,275.8558253670768,416.80999755859375,25572.94921875,270.55071567552415,403.6600036621094,25400.94921875,274.6969199809464,414.4200134277344,25556.30078125,32345100.0,53602500.0,405200.0
2026-02-27,263.93682861328125,402.510009765625,25178.650390625,272.5588900215503,407.1199951171875,25476.400390625,262.6480379442022,398.1099853515625,25141.30078125,272.5588900215503,402.94000244140625,25459.849609375,72366500.0,56890100.0,438900.0
2026-03-02,264.476318359375,403.32000732421875,24865.69921875,266.2846497598317,404.5400085449219,24989.349609375,259.960490133898,388.25,24603.5,262.16844722421786,390.6000061035156,24659.25,41827900.0,55088300.0,519200.0
2026-03-03,263.5072326660156,392.42999267578125,,265.31556422164516,396.3399963378906,,259.8905695547566,385.3900146484375,,263.23749216234586,395.0899963378906,,38568900.0,62617300.0,
2026-03-04,262.2783508300781,405.94000244140625,24480.5,265.9050144519466,408.3299865722656,24602.44921875,261.179387723623,394.5799865722656,24305.400390625,264.4063951364299,397.8500061035156,24388.80078125,39803100.0,68305500.0,599000.0
2026-03-05,260.0504150390625,405.54998779296875,24765.900390625,261.3192350446657,408.6199951171875,24854.19921875,257.01320478174756,399.4200134277344,24529.400390625,260.54995479568396,401.57000732421875,24615.94921875,49658600.0,51925900.0,504300.0
2026-03-06,257.2229919433594,396.7300109863281,24450.44921875,258.53178361058343,402.3500061035156,24700.900390625,254.13584003818684,394.2099914550781,24415.75,258.39192833924307,398.0899963378906,24656.400390625,41120000.0,64054600.0,433400.0
2026-03-09,259.6407775878906,398.67999267578125,24028.05078125,260.9095975388004,401.5899963378906,24078.150390625,253.44647267699952,381.3999938964844,23697.80078125,255.45463216869055,390.04998779296875,23868.05078125,38218500.0,67018900.0,526900.0
2026-03-10,260.58990478515625,399.239990234375,24261.599609375,262.2384104290217,406.5899963378906,24303.80078125,256.71350175461305,398.19000244140625,24079.94921875,257.4128391437035,402.2200012207031,24280.80078125,30590800.0,59258700.0,444300.0
2026-03-11,260.5699157714844,407.82000732421875,23866.849609375,261.888707997661,416.3800048828125,24299.0,259.3110658747261,402.1499938964844,23834.30078125,260.8496568052655,402.2799987792969,24231.849609375,26218900.0,62559900.0,407400.0
2026-03-12,255.52456665039062,395.010009765625,23639.150390625,258.71164792954545,406.5,23833.150390625,253.94601921584928,394.6499938964844,23556.30078125,258.4219063383753,405.17999267578125,23674.849609375,40794000.0,60973800.0,501000.0
2026-03-13,249.8897705078125,391.20001220703125,23151.099609375,256.0940459350445,400.20001220703125,23492.400390625,249.29033192864068,389.95001220703125,23112.0,255.24483747003174,399.1700134277344,23462.5,36930000.0,58504100.0,519800.0
2026-03-16,252.58729553222656,395.55999755859375,23408.80078125,253.6563027081548,403.7300109863281,23502.0,249.6499992581203,394.4200134277344,22955.25,251.87794235419486,396.2200012207031,23116.099609375,32074200.0,58068300.0,540300.0
2026-03-17,253.99598693847656,399.2699890136719,23581.150390625,254.89516767044782,400.1199951171875,23656.80078125,251.94787083452104,393.0,23346.599609375,252.72716690012706,395.69000244140625,23493.19921875,32361600.0,46890500.0,458800.0
2026-03-18,249.70994567871094,392.7799987792969,23777.80078125,254.70534343896443,403.07000732421875,23862.25,248.7708084606242,392.30999755859375,23618.44921875,252.3974721128864,399.0,23632.900390625,35757900.0,50853100.0,382900.0
2026-03-19,248.73085021972656,380.29998779296875,23002.150390625,251.5982036354298,387.2699890136719,23378.69921875,247.0723745163624,378.7300109863281,22930.349609375,249.17043241392184,387.2699890136719,23197.75,34864100.0,67078300.0,550100.0
2026-03-20,247.76173400878906,367.9599914550781,23114.5,248.97061168291066,379.8900146484375,23345.150390625,245.77356028907465,364.4599914550781,23067.599609375,247.7517334570195,379.8500061035156,23110.150390625,88331100.0,78628600.0,663300.0
2026-03-23,251.25851440429688,380.8500061035156,22512.650390625,254.3656523266213,385.3299865722656,22851.69921875,250.0496214753341,372.7300109863281,22471.25,253.73622734962268,373.0899963378906,22824.349609375,40546100.0,74606000.0,550300.0
2026-03-24,251.4083709716797,383.0299987792969,22912.400390625,254.5954370944537,387.4800109863281,23057.30078125,249.32029842391177,376.30999755859375,22624.19921875,250.1195650925759,376.55999755859375,22878.44921875,45152300.0,60004900.0,538100.0
2026-03-25,252.38746643066406,385.95001220703125,23306.44921875,254.76528059453105,396.2300109863281,23465.349609375,251.3684162845015,385.010009765625,23063.19921875,253.86611511385965,389.989990234375,23064.400390625,28476700.0,55157300.0,505400.0
2026-03-26,252.6572265625,372.1099853515625,,256.76344411909713,384.44000244140625,,250.53918279672283,371.8699951171875,,251.88793104116345,381.6000061035156,,41796700.0,55522900.0,
2026-03-27,248.57098388671875,361.8299865722656,22819.599609375,255.2548282141602,369.8599853515625,23186.099609375,247.8416601166152,359.4700012207031,22804.55078125,253.666280215245,369.69000244140625,23173.55078125,47900000.0,62065700.0,612600.0
2026-03-30,246.40298461914062,355.2799987792969,22331.400390625,250.63907198816298,367.2900085449219,22714.099609375,245.28400520065438,352.1400146484375,22283.849609375,249.83982057534305,365.8599853515625,22549.650390625,39446200.0,67954400.0,698600.0
2026-03-31,253.55638122558594,371.75,,255.24482803058763,373.3299865722656,,246.87255213324852,361.0,,247.6818040942864,361.510009765625,,49598100.0,75534900.0,
2026-04-01,255.3946990966797,381.260009765625,22679.400390625,255.94418062939917,383.1400146484375,22941.30078125,253.096813183035,374.0799865722656,22618.599609375,253.8461228128272,378.6300048828125,22899.0,40059400.0,58683800.0,518000.0
2026-04-02,255.68443298339844,360.5899963378906,22713.099609375,255.89424639361263,370.2799987792969,22782.30078125,250.4192795609811,359.0299987792969,22182.55078125,253.96601496217014,364.20001220703125,22383.400390625,31289400.0,83031200.0,495100.0
2026-04-06,258.6217041015625,352.82000732421875,22968.25,261.9186847371787,367.7200012207031,22998.349609375,256.2239194053331,346.6400146484375,22542.94921875,256.27389167390277,362.5899963378906,22780.30078125,29329900.0,77697600.0,426400.0
2026-04-07,253.26666259765625,346.6499938964844,23123.650390625,255.96418954301222,348.0199890136719,23153.849609375,245.47383916108728,337.239990234375,22719.30078125,255.92421782448065,346.44000244140625,22838.69921875,62148000.0,74515400.0,477000.0
2026-04-08,258.66168212890625,343.25,23997.349609375,259.51090582044134,364.5,24025.150390625,256.29386854025813,339.6700134277344,23828.5,258.2121146377317,363.7900085449219,23855.150390625,41032800.0,78838600.0,639300.0
2026-04-09,260.2502136230469,345.6199951171875,23775.099609375,260.879638597066,348.8800048828125,23990.75,255.8342992320816,337.25,23682.80078125,258.7615948993736,343.1499938964844,23909.05078125,28121600.0,62164000.0,466600.0
2026-04-10,260.240234375,348.95001220703125,24050.599609375,261.94865175168746,350.3599853515625,24074.05078125,258.78155637925676,342.739990234375,23856.349609375,259.7406946341393,346.2900085449219,23880.55078125,31291500.0,51336000.0,481300.0
2026-04-13,258.96142578125,352.4200134277344,23842.650390625,259.9405042051452,356.3500061035156,23907.400390625,256.4237552437805,348.57000732421875,23555.599609375,259.49093671136296,350.07000732421875,23589.599609375,36234700.0,53617500.0,488800.0
2026-04-14,258.59173583984375,364.20001220703125,,261.68888841493145,367.6300048828125,,256.9532612999924,354.7699890136719,,259.01136264890187,357.6700134277344,,48370700.0,59979600.0,
2026-04-15,266.18475341796875,391.95001220703125,24231.30078125,266.3146386359468,394.6499938964844,24280.900390625,257.57269269729437,362.5,24145.80078125,257.92237663273806,366.8299865722656,24163.80078125,49913500.0,113810400.0,460300.0
2026-04-16,263.15753173828125,388.8999938964844,24196.75,266.91408037974617,394.05999755859375,24400.94921875,261.0294875448873,381.79998779296875,24102.80078125,266.55439590858066,393.80999755859375,24385.19921875,43323100.0,63515100.0,508000.0
2026-04-17,269.98126220703125,400.6199951171875,24353.55078125,272.0493335842862,409.2799987792969,24371.900390625,266.47448343207725,391.6499938964844,24096.05078125,266.7142527536172,395.9200134277344,24165.900390625,61436200.0,90640000.0,498600.0
2026-04-20,272.79864501953125,392.5,24364.849609375,274.0275237795767,406.79998779296875,24480.650390625,270.04120633500696,388.3299865722656,24241.25,270.08114756253855,402.5799865722656,24391.5,36590200.0,64603900.0,415900.0
2026-04-21,265.9250183105469,386.4200134277344,24576.599609375,272.5488901425708,393.95001220703125,24601.69921875,265.1557075406741,385.2200012207031,24354.900390625,271.250098918132,393.0,24374.55078125,50209800.0,50530600.0,425800.0
2026-04-22,272.9185791015625,387.510009765625,24378.099609375,273.48803128351057,393.010009765625,24515.94921875,266.62435952726383,385.29998779296875,24352.900390625,267.5734973129919,387.57000732421875,24470.849609375,43249200.0,62362800.0,440500.0
2026-04-23,273.1783142089844,373.7200012207031,24173.05078125,275.5161566987003,386.0,24310.19921875,271.39995382845746,368.3900146484375,24134.80078125,274.79681820267325,375.2799987792969,24202.349609375,33399600.0,93969500.0,467500.0
2026-04-24,270.81048583984375,376.29998779296875,23897.94921875,272.80864483253174,382.760009765625,24206.0,269.4017800912603,370.7300109863281,23813.650390625,272.50893317942314,373.5,24100.55078125,38157100.0,62893300.0,438400.0
2026-04-27,267.3636474609375,378.6700134277344,24092.69921875,268.1129570778125,380.7799987792969,24130.69921875,264.8260075108844,364.0199890136719,23936.19921875,265.84505761361925,372.0899963378906,23945.44921875,41466800.0,66735800.0,430300.0
2026-04-28,270.4608154296875,376.0199890136719,23995.69921875,272.97851539952296,382.2900085449219,24181.80078125,268.4127145556596,372.5400085449219,23957.05078125,272.0893199684016,374.67999267578125,24049.900390625,40018900.0,50864400.0,554100.0
2026-04-29,269.92132568359375,372.79998779296875,24177.650390625,270.7905199823619,376.3999938964844,24334.69921875,266.7942019267937,370.0400085449219,24059.94921875,267.3037117460274,375.3999938964844,24096.900390625,30047900.0,45384800.0,531100.0
2026-04-30,271.1002502441406,381.6300048828125,23997.55078125,275.7459641951834,384.75,24087.44921875,267.893213328058,368.1700134277344,23796.849609375,270.25102650288807,372.75,23996.94921875,91848200.0,51076000.0,505500.0
2026-05-01,279.88214111328125,390.82000732421875,,286.95561044034525,397.82000732421875,,278.1137509144006,378.79998779296875,,278.6032901046287,382.489990234375,,79915400.0,65338300.0,
2026-05-04,276.5751647949219,392.510009765625,24119.30078125,280.3716851917065,394.6400146484375,24290.19921875,274.60697695873915,384.79998779296875,24004.75,279.4025768563376,390.2300109863281,24063.55078125,46668400.0,48765100.0,419100.0
2026-05-05,283.9184265136719,389.3699951171875,24032.80078125,284.30808218316156,402.1199951171875,24081.69921875,276.2455026895375,389.0,23882.05078125,276.6750995896243,395.19000244140625,24052.599609375,49311700.0,47780600.0,363300.0
2026-05-06,287.245361328125,398.7300109863281,24330.94921875,287.76487170009636,401.67999267578125,24356.5,280.8112868075762,384.0199890136719,23997.900390625,281.66051049385584,386.25,24171.0,58336100.0,53465400.0,429200.0
2026-05-07,287.1754150390625,411.7900085449219,24326.650390625,291.8611003514943,415.8299865722656,24482.099609375,285.5169394038565,402.1199951171875,24284.0,289.00371711581823,407.4800109863281,24398.5,45224300.0,64294200.0,440600.0
2026-05-08,293.0500183105469,428.3500061035156,24176.150390625,294.4886952888782,431.20001220703125,24253.80078125,289.7330669166447,416.3900146484375,24126.650390625,289.7430674686918,416.4800109863281,24233.650390625,52692800.0,65050000.0,335900.0
2026-05-11,292.67999267578125,445.0,23815.849609375,293.8800048828125,449.1600036621094,23997.44921875,290.2300109863281,416.79998779296875,23799.099609375,291.9800109863281,422.1600036621094,23970.099609375,42247300.0,78376100.0,390100.0
2026-05-12,294.79998779296875,433.45001220703125,23379.55078125,295.2699890136719,447.79998779296875,23757.55078125,292.55999755859375,422.260009765625,23348.400390625,292.55999755859375,441.4100036621094,23722.599609375,45748100.0,60569300.0,447500.0
2026-05-13,298.8699951171875,445.2699890136719,23412.599609375,300.9200134277344,453.3999938964844,23582.94921875,293.5,430.2099914550781,23262.55078125,293.5,436.6700134277344,23362.44921875,52684300.0,68283200.0,415400.0
2026-05-14,298.2099914550781,443.29998779296875,23689.599609375,300.45001220703125,451.9800109863281,23777.19921875,295.3800048828125,441.1600036621094,23426.55078125,299.82000732421875,446.489990234375,23530.25,35324900.0,46070400.0,428700.0
2026-05-15,300.2300109863281,422.239990234375,23643.5,303.20001220703125,434.6600036621094,23839.30078125,296.5199890136719,422.0,23610.30078125,297.8999938964844,433.9800109863281,23731.400390625,54862800.0,52688700.0,408900.0
2026-05-18,297.8399963378906,409.989990234375,23649.94921875,300.6600036621094,421.1300048828125,23695.650390625,294.9100036621094,405.3299865722656,23317.099609375,300.239990234375,419.2699890136719,23482.19921875,34483000.0,52474200.0,392000.0
2026-05-19,298.9700012207031,404.1099853515625,23618.0,300.510009765625,405.6300048828125,23782.30078125,296.3500061035156,393.6300048828125,23587.19921875,296.9700012207031,403.1600036621094,23675.30078125,42243600.0,46500600.0,442000.0
2026-05-20,302.25,417.260009765625,23659.0,302.79998779296875,417.4599914550781,23690.900390625,298.0799865722656,406.3900146484375,23397.30078125,298.17999267578125,407.6000061035156,23457.25,38229800.0,45294700.0,344100.0
2026-05-21,304.989990234375,417.8500061035156,23654.69921875,305.5400085449219,426.95001220703125,23859.900390625,300.3999938964844,412.8999938964844,23596.599609375,301.05999755859375,422.17999267578125,23830.05078125,42965100.0,42636900.0,348200.0
2026-05-22,308.82000732421875,426.010009765625,23719.30078125,311.3999938964844,431.510009765625,23835.650390625,305.8399963378906,420.510009765625,23671.0,306.1199951171875,422.6700134277344,23671.19921875,43670200.0,46104700.0,336100.0
2026-05-25,,,24031.69921875,,,24054.44921875,,,23922.849609375,,,23940.25,,,351200.0
2026-05-26,308.3299865722656,433.5899963378906,23913.69921875,311.82000732421875,435.20001220703125,24089.80078125,307.6700134277344,426.1199951171875,23885.44921875,309.55999755859375,430.260009765625,24004.099609375,48000500.0,45658900.0,387900.0
2026-05-27,310.8500061035156,440.3599853515625,23907.150390625,313.260009765625,445.6000061035156,23983.19921875,308.29998779296875,435.5199890136719,23858.25,308.3299865722656,442.8900146484375,23880.349609375,50430900.0,44656500.0,531600.0
2026-05-28,312.510009765625,442.1000061035156,,312.79998779296875,443.9599914550781,,309.57000732421875,436.29998779296875,,310.67999267578125,437.6199951171875,,48220400.0,32435000.0,
2026-05-29,312.05999755859375,435.7900085449219,23547.75,315.0,441.07000732421875,24002.80078125,309.5299987792969,428.1400146484375,23484.75,311.7799987792969,439.8500061035156,23902.150390625,70026800.0,45176800.0,1198000.0
2026-06-01,306.30999755859375,415.8800048828125,23382.599609375,310.94000244140625,429.6000061035156,23733.69921875,305.0199890136719,415.42999267578125,23357.94921875,309.6300048828125,427.489990234375,23654.5,48849900.0,44937900.0,421700.0
2026-06-02,315.20001220703125,423.739990234375,23483.55078125,315.45001220703125,424.4200134277344,23556.94921875,306.69000244140625,413.6499938964844,23229.150390625,307.4599914550781,418.2200012207031,23229.150390625,44534700.0,37596000.0,511900.0
2026-06-03,310.260009765625,423.70001220703125,23405.599609375,316.94000244140625,433.6000061035156,23459.650390625,308.8500061035156,416.0,23151.5,314.17999267578125,418.70001220703125,23415.94921875,50836700.0,44500700.0,450100.0
2026-06-04,311.2300109863281,418.45001220703125,23416.55078125,313.5400085449219,426.3500061035156,23465.30078125,309.6499938964844,417.1600036621094,23247.30078125,313.2300109863281,419.8399963378906,23282.44921875,44869100.0,35323300.0,412500.0
2026-06-05,307.3399963378906,391.0,23366.69921875,315.1700134277344,424.67999267578125,23516.349609375,307.1499938964844,388.5899963378906,23282.650390625,312.8599853515625,420.5,23478.94921875,65310500.0,63420200.0,366200.0
2026-06-08,301.5400085449219,408.95001220703125,23123.0,317.3999938964844,412.94000244140625,23267.30078125,301.1700134277344,394.7200012207031,23070.150390625,308.739990234375,396.3299865722656,23080.69921875,77949100.0,50328800.0,375700.0
2026-06-09,290.54998779296875,396.67999267578125,23242.099609375,300.75,418.5,23279.400390625,287.7799987792969,384.239990234375,23104.44921875,300.2799987792969,411.0299987792969,23259.05078125,70108800.0,59940200.0,402600.0
2026-06-10,291.5799865722656,381.5899963378906,23214.94921875,294.75,397.0899963378906,23425.349609375,287.3800048828125,380.1499938964844,23184.599609375,290.739990234375,391.5400085449219,23233.94921875,52793300.0,49695600.0,380000.0
2026-06-11,295.6300048828125,399.1499938964844,23161.599609375,297.0,399.5400085449219,23327.44921875,289.5899963378906,380.6600036621094,23072.05078125,293.7200012207031,388.2799987792969,23104.400390625,42572500.0,45324300.0,363000.0
2026-06-12,291.1300048828125,406.42999267578125,23622.900390625,297.1400146484375,406.67999267578125,23645.349609375,289.6199951171875,386.760009765625,23313.900390625,296.0299987792969,399.489990234375,23412.55078125,38742100.0,63514500.0,351900.0
2026-06-15,296.4200134277344,411.1499938964844,23853.900390625,297.7799987792969,416.0,24011.400390625,291.70001220703125,407.1000061035156,23817.80078125,294.1199951171875,412.3699951171875,23984.849609375,45732600.0,45620500.0,398900.0
2026-06-16,299.239990234375,404.6600036621094,23989.150390625,300.4800109863281,412.4200134277344,24002.599609375,293.9700012207031,400.5400085449219,23888.19921875,295.25,404.1099853515625,23923.900390625,39874400.0,40255500.0,327300.0
2026-06-17,295.95001220703125,396.3800048828125,24085.69921875,302.07000732421875,405.94000244140625,24108.19921875,294.3599853515625,393.760009765625,23969.69921875,300.8500061035156,401.5299987792969,24044.5,42745100.0,43534300.0,352700.0
2026-06-18,298.010009765625,400.489990234375,24168.0,300.57000732421875,402.5199890136719,24189.25,295.6199951171875,384.70001220703125,24036.94921875,298.1099853515625,398.1000061035156,24073.80078125,85962200.0,58384700.0,340000.0
2026-06-19,,,24013.099609375,,,24047.19921875,,,23901.900390625,,,23991.19921875,,,447900.0
2026-06-22,297.010009765625,405.04998779296875,24102.900390625,302.4200134277344,414.75,24168.05078125,296.760009765625,394.3999938964844,24073.150390625,297.30999755859375,394.8500061035156,24106.599609375,44879900.0,47819500.0,252800.0
2026-06-23,294.29998779296875,381.6099853515625,23824.099609375,301.6400146484375,392.8699951171875,24135.5,294.17999267578125,379.05999755859375,23784.94921875,297.5400085449219,392.6099853515625,24071.30078125,52010900.0,50420200.0,340100.0
2026-06-24,293.0799865722656,375.5299987792969,24021.650390625,299.70001220703125,384.5799865722656,24090.05078125,292.94000244140625,373.04998779296875,23789.25,295.3599853515625,380.0799865722656,23795.80078125,52882100.0,36926400.0,395600.0
2026-06-25,,,24183.75,,,24261.599609375,,,24107.80078125,,,24125.849609375,,,0.0
